Model,Train_MAE,Test_MAE_direct,MAE_Gap_TestMinusTrain
ElasticNet,0.01493768498175913,0.03520300264914167,0.020265317667382536
