Model,Train_RMSE,Test_RMSE,Train_R2,Test_R2
XGBoost_differenced,0.030064368423331905,0.020069735736698523,0.850148999574287,0.7851763773115149
