Champion,Comparator,DM_stat,p_value
ElasticNet,SARIMAX,-2.755693684018466,0.005856781752950679
ElasticNet,VARX,-1.7076923666398878,0.08769343927499862
ElasticNet,XGBoost,1.013321504962519,0.3109066189096876
ElasticNet,Prophet,-2.2980514231664606,0.021558862541950052
ElasticNet,Ensemble,1.2682540058824283,0.20470725639864984
ElasticNet,SeasonalNaive,-5.68944640606239,1.274518823812798e-08
