Model,Train_MAE,Test_MAE_direct,MAE_Gap_TestMinusTrain
ElasticNet,0.01493768498175914,0.03520300264914167,0.02026531766738253
